model,dataset,precision,recall,f1,roc_auc,pr_auc,threshold
DenseAE,hai,0.6671368124118476,0.43156934306569344,0.5240997229916897,0.8591412104386205,0.4679264676504271,0.014150098897516727
