model,dataset,precision,recall,f1,roc_auc,pr_auc,threshold
DenseAE,morris,0.6023214810461358,0.9496166230396813,0.7371099263681234,0.7511903751540033,0.753962744495879,1.0720807040343061e-05
