model,dataset,precision,recall,f1,roc_auc,pr_auc,threshold
IsolationForest,hai,0.16327856075858935,0.28672445255474455,0.20806952203600249,0.7698175651984653,0.12535739873864749,0.04014931617643924
