model,dataset,precision,recall,f1,roc_auc,pr_auc,threshold
IsolationForest,morris,0.5800675357522433,0.9987954319071556,0.7339063829787235,0.6580470820133375,0.6081778672778881,-0.061934414904722734
