model,dataset,precision,recall,f1,roc_auc,pr_auc,threshold
LSTM_AE,hai,0.2806603773584906,0.10042194092827005,0.14791796146674954,0.6696690451544935,0.12712345458232463,0.06703023612499237
