model,dataset,precision,recall,f1,roc_auc,pr_auc,threshold
OneClassSVM,morris,0.4873707465949984,0.9913827051819593,0.6534840931127416,0.6285882249579993,0.6776727512358613,-16.27349486234681
