model,dataset,precision,recall,f1,roc_auc,pr_auc,threshold
OneClassSVM,hai,0.31417670203886966,0.30052463503649635,0.30719906732730984,0.7570709019243776,0.27297984026106764,8.677033780866537
